,codon,probability
0,ACC,0.000229937258133
1,GTC,0.000199936242221
2,AGC,3.49904523246e-05
3,ATT,2.69861777552e-05
4,TTC,1.79942617999e-05
5,CTC,1.49952181666e-05
6,AAC,1.39961809298e-05
7,ATA,7.69605810055e-06
8,ATG,5.09738913154e-06
9,GCC,4.59981692e-08
10,GGC,6.9997214e-09
11,ACT,6.20855307e-09
12,GTT,5.3984934e-09
13,TCC,4.139835228e-09
14,CCC,3.44986269e-09
15,GAC,2.79988856e-09
16,ACA,1.770587357e-09
17,GTA,1.53957034e-09
18,ACG,1.172726691e-09
19,GTG,1.01971542e-09
20,AGT,9.44779815e-10
21,TGC,6.29974926e-10
22,CGC,5.24979105e-10
23,TTT,4.85864406e-10
24,CTT,4.04887005e-10
25,AAT,3.77911926e-10
26,AGA,2.694372065e-10
27,TAC,2.519899704e-10
28,CAC,2.09991642e-10
29,AGG,1.784584095e-10
30,TTA,1.385613306e-10
31,CTA,1.154677755e-10
32,AAA,1.077748826e-10
33,TTG,9.17743878e-11
34,CTG,7.64786565e-11
35,AAG,7.13833638e-11
36,GCT,1.242e-12
37,GCA,3.542e-13
38,GCG,2.346e-13
39,GGT,1.89e-13
40,TCT,1.1178e-13
41,CCT,9.315e-14
42,GAT,7.56e-14
43,GGA,5.39e-14
44,GGG,3.57e-14
45,TCA,3.1878e-14
46,CCA,2.6565e-14
47,GAA,2.156e-14
48,TCG,2.1114e-14
49,CCG,1.7595e-14
50,TGT,1.701e-14
51,GAG,1.428e-14
52,CGT,1.4175e-14
53,TAT,6.804e-15
54,CAT,5.67e-15
55,TGA,4.851e-15
56,CGA,4.0425e-15
57,TGG,3.213e-15
58,CGG,2.6775e-15
59,TAA,1.9404e-15
60,CAA,1.617e-15
61,TAG,1.2852e-15
62,CAG,1.071e-15
