,codon,probability
0,ATT,4.49911804322e-05
1,TTA,4.49911804322e-05
2,AAA,4.49911804322e-05
3,GTA,4.2991572413e-05
4,ATG,4.2991572413e-05
5,ACA,4.2991572413e-05
6,ATC,9.99804009604e-06
7,CTA,9.99804009604e-06
8,AGA,9.99804009604e-06
9,TAA,2.02480155e-09
10,TTT,2.02480155e-09
11,AAT,2.02480155e-09
12,TTG,1.93481037e-09
13,GTT,1.93481037e-09
14,TCA,1.93481037e-09
15,ACT,1.93481037e-09
16,AAG,1.93481037e-09
17,GAA,1.93481037e-09
18,GTG,1.848818798e-09
19,ACG,1.848818798e-09
20,GCA,1.848818798e-09
21,CTT,4.499559e-10
22,TTC,4.499559e-10
23,AAC,4.499559e-10
24,CAA,4.499559e-10
25,AGT,4.499559e-10
26,TGA,4.499559e-10
27,GTC,4.2995786e-10
28,GGA,4.2995786e-10
29,CCA,4.2995786e-10
30,ACC,4.2995786e-10
31,CTG,4.2995786e-10
32,AGG,4.2995786e-10
33,CTC,9.99902e-11
34,AGC,9.99902e-11
35,CGA,9.99902e-11
36,TAT,9.1125e-14
37,TAG,8.7075e-14
38,TCT,8.7075e-14
39,GAT,8.7075e-14
40,GCT,8.3205e-14
41,TCG,8.3205e-14
42,GAG,8.3205e-14
43,GCG,7.9507e-14
44,TAC,2.025e-14
45,TGT,2.025e-14
46,CAT,2.025e-14
47,GGT,1.935e-14
48,CCT,1.935e-14
49,TGG,1.935e-14
50,CAG,1.935e-14
51,TCC,1.935e-14
52,GAC,1.935e-14
53,GGG,1.849e-14
54,CCG,1.849e-14
55,GCC,1.849e-14
56,CGT,4.5e-15
57,TGC,4.5e-15
58,CAC,4.5e-15
59,GGC,4.3e-15
60,CCC,4.3e-15
61,CGG,4.3e-15
62,CGC,1e-15
