,codon,probability
0,ATT,5.59811855805e-05
1,ATA,5.59811855805e-05
2,CTC,5.59811855805e-05
3,GTC,5.59811855805e-05
4,ATG,5.59811855805e-05
5,TTC,5.59811855805e-05
6,AAC,5.59811855805e-05
7,AGC,5.59811855805e-05
8,ACC,5.59811855805e-05
9,CTT,3.135473152e-09
10,CTA,3.135473152e-09
11,CTG,3.135473152e-09
12,TTA,3.135473152e-09
13,TTG,3.135473152e-09
14,GTT,3.135473152e-09
15,GTA,3.135473152e-09
16,GTG,3.135473152e-09
17,GCC,3.135473152e-09
18,GGC,3.135473152e-09
19,CCC,3.135473152e-09
20,TTT,3.135473152e-09
21,TAC,3.135473152e-09
22,AAT,3.135473152e-09
23,TCC,3.135473152e-09
24,AGT,3.135473152e-09
25,TGC,3.135473152e-09
26,ACT,3.135473152e-09
27,ACA,3.135473152e-09
28,ACG,3.135473152e-09
29,AAA,3.135473152e-09
30,AAG,3.135473152e-09
31,CGC,3.135473152e-09
32,AGA,3.135473152e-09
33,AGG,3.135473152e-09
34,GAC,3.135473152e-09
35,CAC,3.135473152e-09
36,GCT,1.75616e-13
37,GCA,1.75616e-13
38,GCG,1.75616e-13
39,GGT,1.75616e-13
40,GGA,1.75616e-13
41,GGG,1.75616e-13
42,CCT,1.75616e-13
43,CCA,1.75616e-13
44,CCG,1.75616e-13
45,TGG,1.75616e-13
46,TAT,1.75616e-13
47,CAA,1.75616e-13
48,CAG,1.75616e-13
49,TCT,1.75616e-13
50,TCA,1.75616e-13
51,TCG,1.75616e-13
52,TGT,1.75616e-13
53,CGT,1.75616e-13
54,CGA,1.75616e-13
55,CGG,1.75616e-13
56,GAA,1.75616e-13
57,GAG,1.75616e-13
58,GAT,1.75616e-13
59,CAT,1.75616e-13
60,TAA,1.75616e-13
61,TGA,1.75616e-13
62,TAG,1.75616e-13
