,codon,probability
0,ACA,0.000229892832486
1,GTA,0.000199897613001
2,ATG,0.000199897613001
3,AGA,3.49836919001e-05
4,ATT,1.79907851701e-05
5,TTA,1.79907851701e-05
6,ATC,1.49923209751e-05
7,CTA,1.49923209751e-05
8,AAA,1.399347676e-05
9,GCA,4.5989282e-08
10,ACG,4.5989282e-08
11,GTG,3.998884e-08
12,GGA,6.998369e-09
13,AGG,6.998369e-09
14,TCA,4.13903538e-09
15,ACT,4.13903538e-09
16,GTT,3.5989956e-09
17,TTG,3.5989956e-09
18,CCA,3.44919615e-09
19,ACC,3.44919615e-09
20,CTG,2.999163e-09
21,GTC,2.999163e-09
22,AAG,2.7993476e-09
23,GAA,2.7993476e-09
24,AGT,6.2985321e-10
25,TGA,6.2985321e-10
26,AGC,5.24877675e-10
27,CGA,5.24877675e-10
28,TTT,3.23909604e-10
29,CTT,2.6992467e-10
30,TTC,2.6992467e-10
31,AAT,2.51941284e-10
32,TAA,2.51941284e-10
33,CTC,2.24937225e-10
34,AAC,2.0995107e-10
35,CAA,2.0995107e-10
36,GCG,9.2e-12
37,GGG,1.4e-12
38,GCT,8.28e-13
39,TCG,8.28e-13
40,CCG,6.9e-13
41,GCC,6.9e-13
42,GAG,5.6e-13
43,GGT,1.26e-13
44,TGG,1.26e-13
45,GGC,1.05e-13
46,CGG,1.05e-13
47,TCT,7.452e-14
48,CCT,6.21e-14
49,TCC,6.21e-14
50,CCC,5.175e-14
51,GAT,5.04e-14
52,TAG,5.04e-14
53,GAC,4.2e-14
54,CAG,4.2e-14
55,TGT,1.134e-14
56,TGC,9.45e-15
57,CGT,9.45e-15
58,CGC,7.875e-15
59,TAT,4.536e-15
60,TAC,3.78e-15
61,CAT,3.78e-15
62,CAC,3.15e-15
