,codon,probability
0,ATT,5.59811855805e-05
1,ATC,5.59811855805e-05
2,CTA,5.59811855805e-05
3,TTA,5.59811855805e-05
4,GTA,5.59811855805e-05
5,ATG,5.59811855805e-05
6,ACA,5.59811855805e-05
7,AAA,5.59811855805e-05
8,AGA,5.59811855805e-05
9,CTT,3.135473152e-09
10,CTC,3.135473152e-09
11,CTG,3.135473152e-09
12,TTG,3.135473152e-09
13,GTT,3.135473152e-09
14,GTC,3.135473152e-09
15,GTG,3.135473152e-09
16,GCA,3.135473152e-09
17,GGA,3.135473152e-09
18,CCA,3.135473152e-09
19,TTT,3.135473152e-09
20,TTC,3.135473152e-09
21,AAT,3.135473152e-09
22,AAC,3.135473152e-09
23,CAA,3.135473152e-09
24,TCA,3.135473152e-09
25,AGT,3.135473152e-09
26,AGC,3.135473152e-09
27,ACT,3.135473152e-09
28,ACC,3.135473152e-09
29,ACG,3.135473152e-09
30,AAG,3.135473152e-09
31,CGA,3.135473152e-09
32,AGG,3.135473152e-09
33,GAA,3.135473152e-09
34,TAA,3.135473152e-09
35,TGA,3.135473152e-09
36,GCT,1.75616e-13
37,GCC,1.75616e-13
38,GCG,1.75616e-13
39,GGT,1.75616e-13
40,GGC,1.75616e-13
41,GGG,1.75616e-13
42,CCT,1.75616e-13
43,CCC,1.75616e-13
44,CCG,1.75616e-13
45,TGG,1.75616e-13
46,TAT,1.75616e-13
47,TAC,1.75616e-13
48,CAG,1.75616e-13
49,TCT,1.75616e-13
50,TCC,1.75616e-13
51,TCG,1.75616e-13
52,TGT,1.75616e-13
53,TGC,1.75616e-13
54,CGT,1.75616e-13
55,CGC,1.75616e-13
56,CGG,1.75616e-13
57,GAG,1.75616e-13
58,GAT,1.75616e-13
59,GAC,1.75616e-13
60,CAT,1.75616e-13
61,CAC,1.75616e-13
62,TAG,1.75616e-13
