,codon,probability
0,ACC,0.00030986990082
1,GTC,0.000299873047644
2,ATT,4.59679205947e-05
3,AGC,3.59848917082e-05
4,CTC,3.39856120664e-05
5,ATA,1.69881445676e-05
6,TTC,1.29944987313e-05
7,ATG,9.69323542975e-06
8,AAC,4.49811146352e-06
9,GCC,9.29932389e-08
10,ACT,1.425505178e-08
11,GTT,1.37951631e-08
12,GGC,1.079921484e-08
13,CCC,1.0539233742e-08
14,ACA,5.26817131e-09
15,GTA,5.09821245e-09
16,TCC,4.029707019e-09
17,ACG,3.005956571e-09
18,GTG,2.908980045e-09
19,AGT,1.655425368e-09
20,CTT,1.563451818e-09
21,GAC,1.349901855e-09
22,CGC,1.2239110152e-09
23,AGA,6.11787636e-10
24,TTT,5.97790401e-10
25,CTA,5.77797411e-10
26,TGC,4.679659764e-10
27,AGG,3.490788276e-10
28,CTG,3.296844051e-10
29,TTA,2.209225395e-10
30,AAT,2.06928171e-10
31,CAC,1.529888769e-10
32,TTG,1.2605580195e-10
33,AAA,7.64734545e-11
34,TAC,5.849574705e-11
35,AAG,4.363485345e-11
36,GCT,4.278e-12
37,GCA,1.581e-12
38,GCG,9.021e-13
39,GGT,4.968e-13
40,CCT,4.8484e-13
41,TCT,1.8538e-13
42,GGA,1.836e-13
43,CCA,1.7918e-13
44,GGG,1.0476e-13
45,CCG,1.02238e-13
46,TCA,6.851e-14
47,GAT,6.21e-14
48,CGT,5.6304e-14
49,TCG,3.9091e-14
50,GAA,2.295e-14
51,TGT,2.1528e-14
52,CGA,2.0808e-14
53,GAG,1.3095e-14
54,CGG,1.18728e-14
55,TGA,7.956e-15
56,CAT,7.038e-15
57,TGG,4.5396e-15
58,TAT,2.691e-15
59,CAA,2.601e-15
60,CAG,1.4841e-15
61,TAA,9.945e-16
62,TAG,5.6745e-16
